Devina,Adalbert,GProgramming,Paris,M2,Devina.Adalbert@ican-school.com
Amii,Carleen,GProgramming,Lille,M2,Amii.Carleen@ican-school.com
Elfreda,Grobe,GProgramming,Remote,M2,Elfreda.Grobe@ican-school.com
Lauryn,Anton,GProgramming,Remote,M2,Lauryn.Anton@ican-school.com
Kara-Lynn,Peonir,GProgramming,Lille,M2,Kara-Lynn.Peonir@ican-school.com
Mildrid,Goth,GProgramming,Bordeaux,M2,Mildrid.Goth@ican-school.com
Harmonia,Rillings,GProgramming,Bordeaux,M2,Harmonia.Rillings@ican-school.com
Sybille,Ashok,GProgramming,Lille,M2,Sybille.Ashok@ican-school.com
Theodora,Blake,GProgramming,Lyon,M2,Theodora.Blake@ican-school.com
Tierney,Voletta,GProgramming,Lyon,M2,Tierney.Voletta@ican-school.com
Ronna,Read,GProgramming,Lille,M2,Ronna.Read@ican-school.com
Mariele,Peti,GProgramming,Lille,M2,Mariele.Peti@ican-school.com
Audrie,Glovsky,GProgramming,Paris,M2,Audrie.Glovsky@ican-school.com
Giustina,Belldas,GProgramming,Bordeaux,M2,Giustina.Belldas@ican-school.com
Gretal,Carleen,GProgramming,Paris,M2,Gretal.Carleen@ican-school.com
Janeczka,Sawtelle,GProgramming,Bordeaux,M2,Janeczka.Sawtelle@ican-school.com
Christy,Gibbeon,GProgramming,Lille,M2,Christy.Gibbeon@ican-school.com
Michaelina,Emerson,GProgramming,Lyon,M2,Michaelina.Emerson@ican-school.com
Selia,Old,GProgramming,Lille,M2,Selia.Old@ican-school.com
Agathe,Juliet,GProgramming,Lyon,M2,Agathe.Juliet@ican-school.com
Tatiania,Jethro,GProgramming,Bordeaux,M2,Tatiania.Jethro@ican-school.com
Ida,Couture,GProgramming,Lyon,M2,Ida.Couture@ican-school.com
Celisse,Laverne,GProgramming,Lyon,M2,Celisse.Laverne@ican-school.com
